PuzzleId,FEN,Moves,Rating,RatingDeviation,Popularity,NbPlays,Themes,GameUrl,OpeningTags,DailyDate
001cr,8/3B2pp/p5k1/2p3P1/1p1p1K2/8/1P6/8 b - - 0 38,c5c4 d7e8,1570,81,94,3349,bishopEndgame endgame mate mateIn1 oneMove,https://lichess.org/7FFNwibw/black#76,,
000rZ,2kr1b1r/p1p2pp1/2pqb3/7p/3N2n1/2NPB3/PPP2PPP/R2Q1RK1 w - - 2 13,d4e6 d6h2,616,90,100,628,kingsideAttack mate mateIn1 oneMove opening,https://lichess.org/seIMDWkD#25,Scandinavian_Defense Scandinavian_Defense_Modern_Variation,
000hf,r1bqk2r/pp1nbNp1/2p1p2p/8/2BP4/1PN3P1/P3QP1P/3R1RK1 b kq - 0 19,e8f7 e2e6 f7f8 e6f7,1473,77,92,772,mate mateIn2 middlegame short,https://lichess.org/71ygsFeE/black#38,Horwitz_Defense Horwitz_Defense_Other_variations,
006HV,1r6/5k2/2p1pNp1/p5Pp/1pQ1P2P/2P4R/KP3P2/3q4 w - - 4 31,c4c6 b4b3 a2a3 d1a1,1159,87,93,1015,endgame mate mateIn2 short,https://lichess.org/ibb2c72C#61,,
00008,r6k/pp2r2p/4Rp1Q/3p4/8/1N1P2R1/PqP2bPP/7K b - - 0 24,f2g3 e6e7 b2b1 b3c1 b1c1 h6c1,1797,76,95,10183,crushing hangingPiece long middlegame,https://lichess.org/787zsVup/black#48,,
0000D,5rk1/1p3ppp/pq3b2/8/8/1P1Q1N2/P4PPP/3R2K1 w - - 2 27,d3d6 f8d8 d6d8 f6d8,1468,75,96,37410,advantage endgame short,https://lichess.org/F8M8OS71#53,,
000Sa,2Q2bk1/5p1p/p5p1/2p3P1/2r1B3/7P/qPQ2P2/2K4R b - - 0 32,c4c2 e4c2 a2a1 c2b1,1655,78,97,2617,advantage endgame short,https://lichess.org/lTTa9lwd/black#64,,
0008Q,8/4R3/1p2P3/p4r2/P6p/1P3Pk1/4K3/8 w - - 1 64,e7f7 f5e5 e2f1 e5e6,1383,81,92,768,advantage endgame rookEndgame short,https://lichess.org/MQSyb3KW#127,,
00143,r2q1rk1/5ppp/1np5/p1b5/2p1B3/P7/1P3PPP/R1BQ1RK1 b - - 1 17,d8f6 d1h5 h7h6 h5c5,1800,77,91,2945,advantage middlegame short,https://lichess.org/jcuxlI63/black#34,Scotch_Game Scotch_Game_Mieses_Variation,
000Pw,6k1/5p1p/4p3/4q3/3nN3/2Q3P1/PP3P1P/6K1 w - - 2 37,e4d2 d4e2 g1f1 e2c3,1547,76,92,629,crushing endgame fork short,https://lichess.org/au2lCK5o#73,,
